Hotel,address,distance,time,price,url
Super Hotel Shiba,東京都港区芝2-31-17,1.0km,Walk: 15 min,"9,500",https://www.superhoteljapan.com/en/
Smile Hotel Shinagawasengakujiekimae,東京都港区三田3丁目11-26,1.0km,Walk: 15 min,"11,000",https://smile-hotels.com/hotels/show/shinagawasengakujiekimae
,,,,,
Hotel Villa Fontaine Grand Tokyo-Tmachi,東京都港区芝浦4-2-8,0.85km,Walk: 12 min,"16,000〜20,000",https://www.hvf.jp/eng/tamachi/
Hotel Gracery Tamachi,東京都港区芝浦3-8-1,1.2km,Walk: 17 min,"15,000〜17,000",https://tamachi.gracery.com/?_gl=1%2A4mreje%2A_gcl_au%2AMTU0MTc2Njk4Ni4xNzAzMTI2Mzcw&_bdsid=2969G%20.oOafwAI.1703126370604.1703126479&_bd_prev_page=https%3A%2F%2Fgracery.com%2Ftamachi%2F&_bdrpf=0#_ga=2.150885238.1570575101.1703126370-1281966989.1703126370
Sotetsu Fresa Inn Tokyo-Tamachi,東京都港区芝浦３丁目１４−２１,1.0km,Walk: 15 min,"16,000〜18,000",https://sotetsu-hotels.com/en/fresa-inn/tamachi/
,,,,,
Pullman Tokyo Tamachi,東京都港区芝浦3-1-21,1.0km,Walk: 15 min,"65,000〜70,000",https://www.pullmantokyotamachi.com
The Prince Park Tower Tokyo,東京都港区芝公園4-8-1,0.95km,Walk: 14 min,"40,000〜50,000",https://www.princehotels.com/parktower/
Hotel The Celestine Tokyo Shiba,東京都港区芝3-23-1,0.7km,Walk: 10 min,"25,000〜30,000",https://www.celestinehotels.jp/en/tokyo-shiba/